{"images": [{"id": 1, "dataset_id": 1, "category_ids": [], "path": "/datasets/Muscle/1_xRHBT6-q5I5h70nvjJrSIg.jpeg", "width": 1109, "height": 614, "file_name": "1_xRHBT6-q5I5h70nvjJrSIg.jpeg", "annotated": false, "annotating": [], "num_annotations": 0, "metadata": {}, "deleted": false, "milliseconds": 0, "events": [], "regenerate_thumbnail": false}, {"id": 2, "dataset_id": 1, "category_ids": [], "path": "/datasets/Muscle/abs.jpg", "width": 1000, "height": 535, "file_name": "abs.jpg", "annotated": false, "annotating": [], "num_annotations": 0, "metadata": {}, "deleted": false, "milliseconds": 0, "events": [], "regenerate_thumbnail": false}, {"id": 3, "dataset_id": 1, "category_ids": [], "path": "/datasets/Muscle/chest-exercises-1.jpg", "width": 650, "height": 360, "file_name": "chest-exercises-1.jpg", "annotated": false, "annotating": [], "num_annotations": 0, "metadata": {}, "deleted": false, "milliseconds": 0, "events": [], "regenerate_thumbnail": false}, {"id": 4, "dataset_id": 1, "category_ids": [], "path": "/datasets/Muscle/Chest.jpg", "width": 400, "height": 258, "file_name": "Chest.jpg", "annotated": false, "annotating": [], "num_annotations": 0, "metadata": {}, "deleted": false, "milliseconds": 0, "events": [], "regenerate_thumbnail": false}, {"id": 5, "dataset_id": 1, "category_ids": [], "path": "/datasets/Muscle/chest_muscle.jpg", "width": 650, "height": 360, "file_name": "chest_muscle.jpg", "annotated": false, "annotating": [], "num_annotations": 0, "metadata": {}, "deleted": false, "milliseconds": 0, "events": [], "regenerate_thumbnail": false}, {"id": 6, "dataset_id": 1, "category_ids": [], "path": "/datasets/Muscle/images.jpg", "width": 275, "height": 183, "file_name": "images.jpg", "annotated": false, "annotating": [], "num_annotations": 0, "metadata": {}, "deleted": false, "milliseconds": 0, "events": [], "regenerate_thumbnail": false}, {"id": 7, "dataset_id": 1, "category_ids": [], "path": "/datasets/Muscle/Male-chest-lipo-213x300.jpg", "width": 213, "height": 300, "file_name": "Male-chest-lipo-213x300.jpg", "annotated": false, "annotating": [], "num_annotations": 0, "metadata": {}, "deleted": false, "milliseconds": 0, "events": [], "regenerate_thumbnail": false}, {"id": 8, "dataset_id": 1, "category_ids": [], "path": "/datasets/Muscle/maxresdefault.jpg", "width": 1280, "height": 720, "file_name": "maxresdefault.jpg", "annotated": false, "annotating": [], "num_annotations": 0, "metadata": {}, "deleted": false, "milliseconds": 0, "events": [], "regenerate_thumbnail": false}, {"id": 9, "dataset_id": 1, "category_ids": [], "path": "/datasets/Muscle/Muscular-Black-Male-Shirtless-Showing-Chest-And-Abs.jpg", "width": 1109, "height": 614, "file_name": "Muscular-Black-Male-Shirtless-Showing-Chest-And-Abs.jpg", "annotated": false, "annotating": [], "num_annotations": 0, "metadata": {}, "deleted": false, "milliseconds": 0, "events": [], "regenerate_thumbnail": false}, {"id": 10, "dataset_id": 1, "category_ids": [], "path": "/datasets/Muscle/pectoral_augmentation-300x262.jpg", "width": 300, "height": 262, "file_name": "pectoral_augmentation-300x262.jpg", "annotated": false, "annotating": [], "num_annotations": 0, "metadata": {}, "deleted": false, "milliseconds": 0, "events": [], "regenerate_thumbnail": false}, {"id": 11, "dataset_id": 1, "category_ids": [], "path": "/datasets/Muscle/shutterstock_47497294.jpg", "width": 685, "height": 355, "file_name": "shutterstock_47497294.jpg", "annotated": false, "annotating": [], "num_annotations": 0, "metadata": {}, "deleted": false, "milliseconds": 0, "events": [], "regenerate_thumbnail": false}], "categories": [{"id": 1, "name": "chest", "supercategory": "", "color": "#5e96e0", "metadata": {}, "keypoint_colors": []}, {"id": 2, "name": "abs", "supercategory": "", "color": "#6feae9", "metadata": {}, "keypoint_colors": []}, {"id": 3, "name": "noabs", "supercategory": "", "color": "#57e841", "metadata": {}, "keypoint_colors": []}], "annotations": [{"id": 7, "image_id": 1, "category_id": 1, "segmentation": [[280.9, 247.2, 299.3, 227.4, 307.8, 221.8, 309.2, 219.0, 323.3, 210.5, 326.1, 204.8, 341.7, 189.3, 357.2, 173.8, 365.7, 168.1, 367.1, 162.5, 374.1, 155.4, 384.0, 146.9, 388.3, 145.5, 417.9, 141.3, 443.3, 141.3, 454.6, 145.5, 464.5, 145.5, 465.9, 146.9, 474.4, 146.9, 477.2, 148.3, 519.6, 149.8, 533.7, 148.3, 535.2, 146.9, 559.2, 146.9, 588.8, 141.3, 601.5, 141.3, 618.5, 152.6, 619.9, 158.2, 624.1, 165.3, 627.0, 179.4, 629.8, 182.2, 632.6, 196.4, 635.4, 197.8, 635.4, 202.0, 639.7, 213.3, 639.7, 219.0, 643.9, 226.0, 646.7, 238.7, 646.7, 259.9, 659.4, 298.1, 660.9, 312.2, 632.6, 320.7, 611.4, 323.5, 583.2, 337.6, 583.2, 339.0, 580.4, 339.0, 576.1, 343.2, 573.3, 343.2, 571.9, 346.1, 569.1, 346.1, 566.2, 348.9, 550.7, 356.0, 540.8, 364.4, 535.2, 364.4, 533.7, 367.3, 526.7, 368.7, 505.5, 380.0, 467.4, 394.1, 422.2, 394.1, 412.3, 391.3, 401.0, 391.3, 389.7, 388.4, 323.3, 388.4, 323.3, 389.9, 317.6, 391.3, 302.1, 399.7, 292.2, 401.2, 289.4, 394.1, 288.0, 370.1, 286.6, 370.1, 266.8, 306.5, 266.8, 278.3, 271.0, 271.2, 272.4, 264.2, 273.9, 264.2, 275.3, 257.1, 278.1, 252.9], [618.5, 323.5, 618.5, 327.7, 612.8, 327.7, 612.8, 326.3]], "area": 77650, "bbox": [267.0, 141.0, 394.0, 260.0], "iscrowd": false, "isbbox": false, "color": "#ad36df", "metadata": {}}, {"id": 8, "image_id": 1, "category_id": 2, "segmentation": [[309.2, 399.7, 377.0, 398.3, 381.2, 395.5, 422.2, 394.1, 458.9, 388.4, 468.8, 388.4, 478.7, 385.6, 488.5, 385.6, 499.8, 381.4, 515.4, 380.0, 549.3, 364.4, 559.2, 363.0, 564.8, 358.8, 570.5, 357.4, 581.8, 350.3, 584.6, 350.3, 588.8, 346.1, 636.8, 336.2, 646.7, 336.2, 648.1, 333.4, 658.0, 329.1, 663.7, 324.9, 675.0, 324.9, 675.0, 336.2, 680.6, 346.1, 679.2, 405.4, 675.0, 436.5, 675.0, 447.8, 666.5, 477.4, 662.3, 488.7, 635.4, 535.3, 629.8, 549.5, 622.7, 560.8, 619.9, 562.2, 618.5, 576.3, 612.8, 591.8, 610.0, 593.2, 608.6, 601.7, 605.8, 606.0, 584.6, 608.8, 563.4, 614.4, 512.6, 614.4, 487.1, 620.1, 337.4, 618.7, 326.1, 617.3, 319.1, 613.0, 317.6, 610.2, 313.4, 608.8, 312.0, 606.0, 309.2, 606.0]], "area": 82179, "bbox": [309.0, 325.0, 372.0, 289.0], "iscrowd": false, "isbbox": false, "color": "#3aab06", "metadata": {}}, {"id": 15, "image_id": 2, "category_id": 1, "segmentation": [[354.9, 151.4, 360.6, 120.8, 367.7, 100.1, 382.7, 70.9, 394.8, 52.4, 401.9, 43.9, 410.5, 36.7, 445.4, 28.9, 450.3, 28.9, 456.0, 32.5, 466.7, 48.1, 475.3, 55.3, 487.4, 62.4, 503.0, 63.1, 508.0, 60.3, 513.0, 54.6, 521.6, 39.6, 531.5, 39.6, 537.2, 41.0, 561.4, 53.8, 577.1, 56.0, 603.5, 68.8, 619.8, 74.5, 657.6, 93.0, 666.8, 99.4, 671.8, 105.1, 670.4, 119.4, 664.7, 139.3, 663.3, 151.4, 657.6, 163.5, 653.3, 178.5, 644.1, 192.0, 640.5, 202.0, 634.8, 210.5, 619.1, 223.3, 611.3, 226.9, 580.7, 226.9, 570.0, 222.6, 547.2, 205.5, 525.1, 184.2, 509.5, 172.1, 506.6, 172.1, 498.1, 180.6, 494.5, 182.0, 483.8, 198.4, 481.0, 200.6, 480.3, 204.1, 466.0, 221.2, 451.8, 231.2, 439.7, 235.5, 396.2, 234.0, 387.7, 228.3, 369.9, 205.5, 363.5, 192.7, 361.3, 191.3, 359.2, 177.1, 353.5, 164.2, 352.1, 155.7]], "area": 46815, "bbox": [352.0, 29.0, 320.0, 207.0], "iscrowd": false, "isbbox": false, "color": "#3aa3fa", "metadata": {}}, {"id": 16, "image_id": 2, "category_id": 2, "segmentation": [[372.7, 226.9, 381.3, 234.0, 384.8, 234.0, 401.2, 240.4, 418.3, 244.0, 436.8, 244.0, 451.1, 241.1, 466.0, 234.0, 473.1, 226.9, 477.4, 224.8, 497.3, 203.4, 501.6, 194.9, 505.2, 179.9, 515.2, 178.5, 530.8, 196.3, 551.5, 210.5, 565.7, 214.1, 572.8, 219.1, 578.5, 220.5, 584.9, 225.5, 597.8, 230.5, 606.3, 232.6, 617.7, 232.6, 624.1, 226.9, 629.1, 217.6, 643.3, 198.4, 649.8, 194.9, 656.9, 194.9, 659.7, 204.8, 659.7, 226.9, 651.2, 298.8, 651.2, 408.5, 653.3, 430.6, 629.1, 444.8, 613.4, 452.0, 579.2, 455.5, 542.9, 455.5, 484.5, 466.9, 405.5, 466.9, 396.2, 465.5, 377.7, 461.2, 367.0, 454.8, 359.2, 447.7, 344.2, 440.6, 342.8, 437.7, 344.9, 427.0, 348.5, 418.5, 354.9, 387.9, 354.9, 373.6, 359.2, 355.8, 359.2, 348.0, 366.3, 323.1, 366.3, 318.8, 372.0, 305.2, 378.4, 274.6, 378.4, 241.1, 372.2, 226.9]], "area": 68998, "bbox": [343.0, 179.0, 317.0, 288.0], "iscrowd": false, "isbbox": false, "color": "#1003cd", "metadata": {}}, {"id": 17, "image_id": 3, "category_id": 1, "segmentation": [[450.7, 111.5, 455.0, 123.9, 455.5, 150.3, 446.4, 174.2, 438.7, 184.8, 417.6, 190.5, 407.6, 190.5, 394.1, 180.5, 388.9, 173.8, 370.2, 142.1, 363.0, 157.5, 349.1, 181.0, 335.7, 190.5, 321.3, 195.3, 309.8, 195.3, 287.3, 189.1, 279.6, 185.3, 249.4, 162.3, 245.1, 155.1, 238.9, 118.7, 238.9, 91.3, 244.6, 74.6, 251.8, 63.5, 263.8, 53.5, 282.5, 45.3, 301.6, 44.4, 309.8, 47.3, 340.5, 51.1, 355.8, 63.1, 360.6, 72.2, 370.2, 52.0, 376.4, 47.3, 385.0, 43.4, 398.5, 42.5, 410.0, 47.7, 425.3, 61.6, 429.1, 68.8, 446.9, 90.9, 452.1, 100.9, 453.1, 106.7]], "area": 26231, "bbox": [239.0, 43.0, 217.0, 152.0], "iscrowd": false, "isbbox": false, "color": "#cc31f1", "metadata": {}}, {"id": 18, "image_id": 3, "category_id": 2, "segmentation": [[367.8, 145.0, 374.0, 173.8, 377.4, 176.6, 391.7, 184.8, 427.2, 192.5, 426.7, 204.9, 419.5, 225.0, 417.6, 272.5, 413.8, 306.5, 413.8, 349.2, 387.9, 350.1, 364.4, 354.0, 326.6, 354.0, 318.4, 355.4, 238.4, 354.4, 236.5, 312.3, 233.6, 301.7, 233.1, 283.5, 229.8, 272.5, 231.2, 222.7, 220.2, 203.0, 221.6, 181.0, 230.2, 174.7, 237.9, 174.7, 241.3, 176.6, 249.9, 177.1, 258.0, 180.0, 281.0, 194.4, 302.1, 198.7, 319.4, 197.7, 341.4, 192.5, 346.7, 190.1, 352.0, 184.8, 364.4, 167.1, 367.8, 149.3]], "area": 31347, "bbox": [220.0, 148.0, 207.0, 207.0], "iscrowd": false, "isbbox": false, "color": "#5fe86c", "metadata": {}}, {"id": 9, "image_id": 4, "category_id": 1, "segmentation": [[113.5, 71.0, 122.5, 56.5, 145.8, 33.5, 153.0, 23.6, 159.6, 19.8, 168.2, 19.8, 171.9, 17.0, 180.2, 15.0, 188.8, 30.4, 200.4, 34.2, 207.6, 33.9, 228.3, 24.2, 249.2, 23.6, 255.7, 30.8, 260.9, 41.8, 272.6, 54.8, 273.2, 60.7, 278.4, 73.7, 278.4, 98.1, 273.2, 101.5, 271.9, 106.0, 267.4, 111.1, 246.8, 116.3, 225.2, 117.3, 218.3, 115.9, 212.5, 111.8, 207.3, 105.0, 203.2, 102.6, 197.7, 102.6, 183.6, 112.5, 164.4, 120.1, 137.9, 121.1, 122.5, 116.3, 112.2, 87.1, 111.5, 75.8]], "area": 13173, "bbox": [112.0, 15.0, 166.0, 106.0], "iscrowd": false, "isbbox": false, "color": "#01a0f9", "metadata": {}}, {"id": 10, "image_id": 4, "category_id": 2, "segmentation": [[119.0, 225.9, 126.9, 195.3, 128.0, 181.5, 127.3, 165.7, 125.2, 157.2, 126.6, 131.1, 125.6, 132.1, 132.1, 121.1, 136.6, 123.2, 156.8, 123.2, 177.4, 117.3, 189.8, 116.3, 193.9, 110.8, 201.1, 107.7, 209.7, 114.9, 219.0, 119.0, 257.1, 122.1, 260.2, 123.8, 261.6, 152.7, 265.7, 174.0, 266.4, 194.9, 271.5, 213.8, 271.5, 225.2, 269.1, 229.6, 268.8, 236.8, 253.0, 237.2, 222.4, 245.1, 182.2, 244.7, 167.1, 240.6, 143.1, 238.9, 119.4, 225.2]], "area": 17027, "bbox": [119.0, 108.0, 153.0, 137.0], "iscrowd": false, "isbbox": false, "color": "#1c0af1", "metadata": {}}, {"id": 19, "image_id": 5, "category_id": 1, "segmentation": [[396.1, 103.3, 395.6, 127.8, 387.4, 139.7, 371.1, 157.5, 346.2, 165.1, 321.8, 167.1, 316.0, 165.1, 310.3, 148.8, 306.9, 146.0, 301.2, 152.2, 286.3, 162.3, 266.7, 169.5, 245.6, 169.5, 235.5, 167.1, 230.2, 162.3, 204.4, 146.0, 191.4, 130.6, 181.8, 110.5, 181.8, 108.6, 192.4, 97.1, 206.3, 76.0, 210.6, 65.0, 216.3, 40.5, 225.5, 25.2, 227.4, 14.7, 282.0, 37.7, 299.7, 52.0, 331.8, 28.1, 342.4, 22.3, 350.1, 21.9, 372.6, 42.5, 377.8, 48.7, 379.8, 54.0, 390.8, 66.4, 395.1, 77.4, 397.0, 97.6]], "area": 24255, "bbox": [182.0, 15.0, 215.0, 155.0], "iscrowd": false, "isbbox": false, "color": "#27bc08", "metadata": {}}, {"id": 20, "image_id": 5, "category_id": 2, "segmentation": [[169.4, 190.5, 170.3, 147.9, 177.5, 120.1, 179.4, 120.6, 191.4, 138.3, 203.4, 152.2, 223.1, 169.0, 236.5, 174.2, 274.3, 171.9, 284.4, 166.6, 305.5, 150.3, 310.3, 162.3, 313.6, 166.6, 325.1, 169.0, 334.2, 169.0, 353.9, 164.7, 361.6, 161.8, 370.2, 155.6, 366.8, 161.8, 366.8, 233.2, 368.7, 251.9, 371.6, 262.9, 371.6, 275.4, 367.3, 290.2, 367.3, 296.0, 371.1, 302.7, 372.6, 321.4, 368.3, 333.4, 363.5, 338.6, 354.8, 343.4, 332.3, 344.4, 312.7, 337.2, 295.4, 337.2, 244.6, 329.0, 232.6, 325.2, 212.0, 314.2, 209.2, 310.8, 204.4, 296.0, 194.8, 277.3, 177.0, 215.9, 169.9, 196.8]], "area": 31281, "bbox": [169.0, 120.0, 204.0, 224.0], "iscrowd": false, "isbbox": false, "color": "#fc36b0", "metadata": {}}, {"id": 21, "image_id": 6, "category_id": 1, "segmentation": [[106.1, 92.7, 116.6, 72.0, 124.2, 66.9, 140.5, 66.7, 173.1, 69.6, 189.2, 69.3, 196.8, 66.7, 206.8, 66.7, 215.3, 70.3, 239.2, 85.2, 242.8, 96.9, 243.8, 115.4, 237.9, 127.8, 234.5, 140.5, 228.7, 145.1, 225.8, 150.5, 222.8, 150.5, 211.1, 140.5, 199.7, 126.1, 195.8, 117.6, 191.2, 135.1, 183.4, 142.4, 174.1, 145.8, 151.0, 145.3, 136.1, 142.2, 130.3, 138.5, 117.6, 121.5, 105.4, 97.8]], "area": 8940, "bbox": [105.0, 67.0, 139.0, 84.0], "iscrowd": false, "isbbox": false, "color": "#bb2eea", "metadata": {}}, {"id": 11, "image_id": 7, "category_id": 1, "segmentation": [[28.7, 158.4, 30.3, 156.8, 31.5, 147.6, 35.9, 136.8, 48.3, 119.2, 52.7, 115.7, 61.1, 112.9, 80.3, 110.1, 110.6, 99.3, 121.8, 99.7, 148.5, 107.3, 188.9, 130.8, 198.9, 134.0, 202.1, 140.4, 202.1, 144.0, 196.9, 157.2, 194.9, 158.8, 190.5, 174.4, 182.5, 185.5, 175.7, 187.9, 156.5, 187.1, 127.4, 174.4, 119.0, 168.8, 82.2, 194.7, 69.1, 195.9, 60.7, 192.7, 49.9, 181.2, 25.1, 162.0]], "area": 11520, "bbox": [26.0, 99.0, 176.0, 97.0], "iscrowd": false, "isbbox": false, "color": "#85f85a", "metadata": {}}, {"id": 12, "image_id": 7, "category_id": 2, "segmentation": [[36.7, 203.5, 52.3, 204.7, 65.9, 209.9, 79.5, 208.3, 86.6, 204.7, 93.8, 197.1, 103.4, 182.7, 110.6, 177.2, 122.2, 178.0, 129.4, 182.7, 135.8, 184.3, 141.0, 188.7, 148.1, 190.7, 175.3, 189.9, 198.5, 183.1, 199.7, 201.1, 196.5, 207.5, 194.9, 220.7, 184.1, 251.4, 184.1, 262.2, 188.9, 293.4, 184.1, 296.6, 178.5, 297.4, 131.4, 297.4, 92.6, 300.2, 55.9, 300.2, 23.5, 297.8, 22.3, 294.6, 23.5, 287.0, 28.3, 274.2, 33.5, 270.2, 36.3, 265.8, 46.3, 236.3, 44.7, 216.7, 31.5, 202.7]], "area": 16154, "bbox": [22.0, 177.0, 178.0, 123.0], "iscrowd": false, "isbbox": false, "color": "#e8d45c", "metadata": {}}, {"id": 22, "image_id": 8, "category_id": 1, "segmentation": [[649.8, 117.5, 627.8, 203.8, 614.4, 209.5, 608.6, 209.5, 592.3, 215.3, 550.2, 222.9, 544.4, 227.7, 518.5, 234.4, 475.4, 239.2, 446.7, 245.0, 418.9, 245.0, 392.0, 241.2, 374.8, 236.4, 350.8, 222.9, 325.9, 205.7, 313.4, 195.1, 299.0, 188.4, 282.8, 175.0, 255.9, 145.3, 254.0, 117.5, 254.0, 84.0, 258.8, 68.6, 263.6, 64.8, 267.4, 48.5, 273.2, 37.0, 279.9, 30.3, 289.5, 25.5, 642.2, 19.7, 987.2, 24.5, 989.1, 85.9, 984.4, 103.1, 970.9, 132.8, 968.1, 137.6, 960.4, 143.4, 958.5, 147.2, 945.1, 161.6, 939.3, 170.2, 939.3, 175.0, 937.4, 175.0, 926.8, 185.6, 898.1, 204.7, 888.5, 209.5, 789.8, 229.6, 739.9, 207.6, 677.6, 189.4, 647.0, 139.6, 649.8, 118.5]], "area": 134576, "bbox": [254.0, 20.0, 735.0, 225.0], "iscrowd": false, "isbbox": false, "color": "#69f3bd", "metadata": {}}, {"id": 23, "image_id": 8, "category_id": 2, "segmentation": [[356.6, 708.9, 307.7, 519.1, 268.4, 427.1, 258.8, 399.3, 256.9, 380.1, 256.9, 316.9, 277.0, 246.9, 285.6, 199.9, 372.8, 248.8, 412.1, 267.0, 440.9, 276.6, 479.2, 276.6, 487.9, 271.8, 491.7, 267.0, 493.6, 267.0, 498.4, 262.2, 500.3, 257.4, 505.1, 257.4, 509.9, 254.6, 517.6, 253.6, 526.2, 249.8, 527.2, 247.9, 532.9, 246.9, 539.6, 242.1, 555.9, 238.3, 622.1, 216.2, 624.0, 211.4, 642.2, 192.3, 649.8, 186.5, 661.3, 172.1, 690.1, 207.6, 699.7, 215.3, 711.2, 220.1, 751.4, 225.8, 779.2, 226.8, 781.2, 228.7, 787.9, 228.7, 798.4, 235.4, 805.1, 236.4, 834.8, 236.4, 845.4, 232.5, 852.1, 232.5, 899.0, 221.0, 910.5, 215.3, 920.1, 209.5, 939.3, 189.4, 940.3, 185.6, 958.5, 167.3, 957.5, 199.0, 954.6, 208.6, 949.8, 216.2, 944.1, 239.2, 942.2, 261.3, 939.3, 272.8, 939.3, 283.3, 933.6, 301.5, 933.6, 317.8, 937.4, 341.8, 939.3, 345.6, 939.3, 352.3, 945.1, 372.5, 948.9, 411.8, 986.3, 584.3, 987.2, 641.8, 973.8, 669.6, 970.9, 669.6, 965.2, 673.4, 956.6, 676.3, 929.7, 684.0, 919.2, 688.8, 918.2, 690.7, 904.8, 698.3, 901.0, 698.3, 878.0, 706.0, 727.5, 713.7, 473.5, 706.0, 462.9, 710.8, 454.3, 711.8, 417.9, 711.8, 406.4, 707.9, 360.4, 705.0], [661.3, 172.1, 652.7, 160.6, 652.7, 156.8, 655.6, 157.8, 661.3, 166.4]], "area": 316878, "bbox": [257.0, 157.0, 730.0, 557.0], "iscrowd": false, "isbbox": false, "color": "#e759bd", "metadata": {}}, {"id": 13, "image_id": 9, "category_id": 1, "segmentation": [[564.5, 233.4, 563.7, 227.7, 552.3, 215.5, 543.3, 202.4, 542.5, 181.1, 544.1, 177.0, 576.0, 153.3, 599.7, 128.0, 614.4, 117.4, 647.1, 100.2, 676.5, 91.2, 679.8, 88.8, 700.2, 83.9, 711.7, 79.8, 721.5, 74.1, 765.6, 74.1, 781.9, 77.3, 801.6, 84.7, 837.5, 105.9, 873.5, 132.9, 889.8, 142.7, 898.0, 149.2, 908.6, 162.3, 907.8, 177.9, 905.4, 182.8, 904.6, 190.9, 900.5, 203.2, 893.1, 217.9, 879.2, 235.1, 875.1, 236.7, 873.5, 240.0, 856.3, 251.4, 847.3, 254.7, 812.2, 255.5, 780.3, 245.7, 765.6, 244.1, 737.8, 226.1, 731.3, 222.8, 723.1, 222.8, 708.4, 234.3, 688.8, 246.5, 685.5, 250.6, 674.9, 256.3, 641.4, 266.9, 629.1, 266.9, 616.0, 265.3, 608.7, 260.4, 604.6, 260.4, 589.9, 254.7, 567.8, 237.5]], "area": 49576, "bbox": [543.0, 74.0, 366.0, 193.0], "iscrowd": false, "isbbox": false, "color": "#08aa3a", "metadata": {}}, {"id": 14, "image_id": 9, "category_id": 2, "segmentation": [[580.9, 271.9, 584.1, 271.9, 589.1, 277.6, 607.9, 286.6, 627.5, 284.9, 644.6, 275.9, 653.6, 266.1, 670.0, 254.7, 679.0, 252.2, 681.4, 249.8, 703.5, 240.8, 726.4, 235.1, 738.6, 236.7, 752.5, 249.0, 768.9, 258.8, 777.0, 260.4, 789.3, 266.9, 795.8, 268.6, 835.9, 268.6, 848.2, 262.9, 858.0, 260.4, 858.8, 258.8, 867.0, 255.5, 870.2, 252.2, 873.5, 251.4, 884.1, 239.2, 891.5, 237.5, 898.0, 272.7, 898.8, 313.5, 899.6, 311.1, 902.1, 311.9, 902.1, 343.8, 898.0, 392.0, 891.5, 418.2, 891.5, 423.9, 882.5, 445.1, 875.1, 454.1, 850.6, 463.1, 759.9, 486.8, 709.2, 484.4, 683.0, 477.8, 651.2, 466.4, 639.7, 464.8, 620.1, 457.4, 598.0, 456.6, 579.2, 451.7, 577.6, 450.0, 577.6, 436.1, 580.9, 413.3, 582.5, 407.5, 588.2, 398.5, 589.1, 393.6, 589.1, 349.5, 580.9, 290.7]], "area": 65820, "bbox": [578.0, 235.0, 324.0, 252.0], "iscrowd": false, "isbbox": false, "color": "#eb2dfe", "metadata": {}}, {"id": 24, "image_id": 10, "category_id": 1, "segmentation": [[149.0, 132.4, 149.0, 155.4, 147.3, 161.3, 129.9, 174.2, 124.3, 184.0, 114.2, 191.7, 112.8, 194.5, 106.1, 193.8, 96.0, 189.9, 87.7, 181.2, 76.5, 173.9, 68.8, 165.5, 68.8, 158.2, 74.1, 130.0, 77.9, 118.4, 90.5, 97.2, 117.3, 74.8, 134.7, 76.9, 145.9, 86.7, 148.0, 86.7, 175.2, 51.8, 202.4, 35.4, 223.7, 54.3, 248.4, 86.0, 255.4, 103.4, 251.6, 132.0, 237.6, 147.7, 213.9, 156.1, 190.2, 155.8, 175.2, 151.6, 160.2, 143.6, 154.3, 132.7]], "area": 16440, "bbox": [69.0, 35.0, 186.0, 160.0], "iscrowd": false, "isbbox": false, "color": "#d34630", "metadata": {}}, {"id": 25, "image_id": 10, "category_id": 2, "segmentation": [[150.4, 134.1, 168.2, 153.3, 204.5, 157.9, 232.4, 154.0, 260.0, 135.2, 265.5, 181.9, 278.4, 212.3, 266.2, 262.5, 102.3, 263.2, 109.6, 218.9, 109.6, 199.0, 123.9, 184.7, 148.0, 166.6, 150.8, 156.5, 150.1, 134.8]], "area": 16739, "bbox": [103.0, 134.0, 175.0, 128.0], "iscrowd": false, "isbbox": false, "color": "#fe2e58", "metadata": {}}, {"id": 26, "image_id": 11, "category_id": 2, "segmentation": [[345.0, 144.9, 362.5, 155.8, 381.4, 164.7, 394.1, 167.1, 408.3, 167.1, 468.3, 153.4, 489.1, 144.9, 523.2, 127.9, 522.7, 139.7, 512.3, 193.6, 507.6, 209.2, 499.5, 224.3, 495.3, 247.0, 495.7, 273.4, 492.0, 352.4, 264.2, 351.4, 291.1, 179.4, 317.6, 163.3, 339.8, 146.8]], "area": 43332, "bbox": [264.0, 128.0, 259.0, 224.0], "iscrowd": false, "isbbox": false, "color": "#f2c90e", "metadata": {}}]}